﻿<?xml version="1.0" encoding="utf-8"?><EntityDescriptor ID="_5ceefc58-03dd-4d95-b437-b9eae59ac6c6" entityID="https://proazure.cloudapp.net/" xmlns="urn:oasis:names:tc:SAML:2.0:metadata"><RoleDescriptor xsi:type="fed:ApplicationServiceType" xmlns:fed="http://docs.oasis-open.org/wsfed/federation/200706" protocolSupportEnumeration="http://docs.oasis-open.org/wsfed/federation/200706" xmlns:xsi="http://www.w3.org/2001/XMLSchema-instance"><fed:TargetScopes><EndpointReference xmlns="http://www.w3.org/2005/08/addressing"><Address>https://proazure.cloudapp.net/</Address></EndpointReference></fed:TargetScopes><fed:ClaimTypesRequested><auth:ClaimType Uri="http://schemas.xmlsoap.org/ws/2005/05/identity/claims/name" Optional="true" xmlns:auth="http://docs.oasis-open.org/wsfed/authorization/200706" /><auth:ClaimType Uri="http://schemas.microsoft.com/ws/2008/06/identity/claims/role" Optional="true" xmlns:auth="http://docs.oasis-open.org/wsfed/authorization/200706" /></fed:ClaimTypesRequested><fed:PassiveRequestorEndpoint><EndpointReference xmlns="http://www.w3.org/2005/08/addressing"><Address>https://proazure.cloudapp.net/</Address></EndpointReference></fed:PassiveRequestorEndpoint></RoleDescriptor></EntityDescriptor>