﻿<ServiceNamespace xmlns:xsi="http://www.w3.org/2001/XMLSchema-instance" xmlns:xsd="http://www.w3.org/2001/XMLSchema">
  <Issuers>
    <Issuer handle="myissuerfriendlyname">
      <IssuerName>myissuer</IssuerName>
      <Algorithm>Symmetric256BitKey</Algorithm>
      <CurrentKey>k5YUoWBa5ovbScT8gJuQFTDfp51DLVn2HelfcVkppqQ=</CurrentKey>
      <PreviousKey>yyV0HmWBrDtfM43Drp1DS/jqsdkoYNpThznHsdSe8ks=</PreviousKey>
    </Issuer>
  </Issuers>
  <Scopes>
    <Scope handle="myscope">
      <AppliesTo>http://127.0.0.1</AppliesTo>
      <TokenPolicyHandle>mytokenpolicy</TokenPolicyHandle>
      <Rules />
    </Scope>
  </Scopes>
  <TokenPolicies>
    <TokenPolicy handle="mytokenpolicy">
      <TokenLifetime>300</TokenLifetime>
      <SigningKey>Q6Pc3GIwZZnD5rGKchSZc70Dset4VbQ/+74rnRVldgw=</SigningKey>
    </TokenPolicy>
  </TokenPolicies>
</ServiceNamespace>